Date,Open,High,Low,Close,Volume,Dividends,Stock Splits,Stock,RSI,MA20,MA50,UpperBand,MiddleBand,LowerBand,Tweet,Stock Name,Company Name,cleaned_text,Sentiment,Sentiment_Score,Volume_Weighted_Sentiment
2021-09-01 00:00:00-04:00,150.14776507206977,152.26002558772805,149.66635940047297,149.8333740234375,80313700,0.0,0.0,AAPL,16.089036744785925,285.89733734130857,267.42113494873047,350.7976528357758,285.89733734130857,220.9970218468413,0,0,0,0,0.0,0,0
2021-09-02 00:00:00-04:00,151.169478682178,152.00456663709258,149.7252769193417,150.95333862304688,71115500,0.0,0.0,AAPL,16.592007334919693,279.03650360107423,265.73880157470705,366.58483505023935,279.03650360107423,191.4881721519091,0,0,0,0,0.0,0,0
2021-09-03 00:00:00-04:00,151.0614031723945,151.9161442810365,150.4031639220067,151.59193420410156,57808700,0.0,0.0,AAPL,16.897881135264797,272.0949333190918,263.8565069580078,375.50895748141954,272.0949333190918,168.6809091567641,0,0,0,0,0.0,0,0
2021-09-07 00:00:00-04:00,152.2502033263752,154.5000061313272,151.68038080580888,153.9400177001953,82278300,0.0,0.0,AAPL,18.087363006417284,265.6252670288086,262.03690734863284,380.9244019348978,265.6252670288086,150.32613212271943,0,0,0,0,0.0,0,0
2021-09-08 00:00:00-04:00,154.2249168391998,154.28386141007834,151.27756836735605,152.3877410888672,74420200,0.0,0.0,AAPL,17.904907043195266,258.5268211364746,260.4313955688477,382.9928311704073,258.5268211364746,134.0608111025419,0,0,0,0,0.0,0,0
2021-09-09 00:00:00-04:00,152.76107376547708,153.37018764087068,151.24809318396555,151.36599731445312,57305700,0.0,0.0,AAPL,17.777785824805097,251.76362075805665,258.88891540527345,383.8528132812879,251.76362075805665,119.6744282348254,0,0,0,0,0.0,0,0
2021-09-10 00:00:00-04:00,152.27962076424438,152.75119216655474,146.0901880188556,146.35545349121094,140893200,0.0,0.0,AAPL,17.13529759554282,244.07989349365235,257.3265579223633,381.8029627979539,244.07989349365235,106.35682418935076,0,0,0,0,0.0,0,0
2021-09-13 00:00:00-04:00,147.98635536010983,148.76248377665408,146.13934572293243,146.92530822753906,102404300,0.0,0.0,AAPL,17.50047419385947,235.96015853881835,255.7197973632813,376.46094726532885,235.96015853881835,95.45936981230784,0,0,0,0,0.0,0,0
2021-09-14 00:00:00-04:00,147.71125847805982,148.4186231744242,144.33163048231586,145.5203857421875,109296300,0.0,0.0,AAPL,17.298077190125912,227.90801162719723,253.96887176513675,369.75311185986914,227.90801162719723,86.0629113945254,0,0,0,0,0.0,0,0
2021-09-15 00:00:00-04:00,145.95269151748204,146.8172518520657,143.8011247699999,146.41444396972656,83281300,0.0,0.0,AAPL,17.94841553083702,220.0289001464844,252.2624938964844,361.5988626644861,220.0289001464844,78.45893762848266,0,0,0,0,0.0,0,0
2021-09-16 00:00:00-04:00,145.83480158277348,146.35549860208525,144.6362120312662,146.17864990234375,68034100,0.0,0.0,AAPL,17.908418041750878,212.1943328857422,250.2952001953125,351.8896262915382,212.1943328857422,72.49903947994622,0,0,0,0,0.0,0,0
2021-09-17 00:00:00-04:00,146.2081368960108,146.2081368960108,143.20182893412,143.49656677246094,129868800,0.0,0.0,AAPL,17.432544627512666,204.5358283996582,248.1498648071289,341.6377108028863,204.5358283996582,67.43394599643014,0,0,0,0,0.0,0,0
2021-09-20 00:00:00-04:00,141.27621192681983,142.29795259981054,138.7906164043365,140.43130493164062,123478900,0.0,0.0,AAPL,16.880468777796008,197.061727142334,246.2716241455078,330.9926489913629,197.061727142334,63.13080529330503,0,0,0,0,0.0,0,0
2021-09-21 00:00:00-04:00,141.4039444596108,142.062198793966,140.27413356999537,140.9127197265625,75834000,0.0,0.0,AAPL,17.323319677920466,189.28469619750976,244.42847839355468,317.1532486499105,189.28469619750976,61.41614374510904,0,0,0,0,0.0,0,0
2021-09-22 00:00:00-04:00,141.91484473928483,143.86009079116835,141.17800752361774,143.290283203125,76404300,0.0,0.0,AAPL,19.601559518187447,181.59437637329103,242.5534841918945,300.80937156604216,181.59437637329103,62.37938118053992,0,0,0,0,0.0,0,0
2021-09-23 00:00:00-04:00,144.07621830499446,144.4986794003407,143.08394967144474,144.25306701660156,64838200,0.0,0.0,AAPL,20.556238918313387,174.00352935791017,240.6722787475586,281.8908405012313,174.00352935791017,66.11621821458904,0,0,0,0,0.0,0,0
2021-09-24 00:00:00-04:00,143.1035954869165,144.881826655015,143.00534454208665,144.3414764404297,53477900,0.0,0.0,AAPL,20.649417160101688,166.81610336303712,238.7577749633789,261.7153057994629,166.81610336303712,71.9169009266113,0,0,0,0,0.0,0,0
2021-09-27 00:00:00-04:00,142.9169154872246,143.39832109021594,141.2958799728265,142.81866455078125,74150700,0.0,0.0,AAPL,20.20972621009043,159.71603622436524,236.80321502685547,238.03848481650752,159.71603622436524,81.39358763222296,0,0,0,0,0.0,0,0
2021-09-28 00:00:00-04:00,140.7358663198503,142.2095403127283,139.2032477658151,139.4193878173828,108972300,0.0,0.0,AAPL,19.225613410984185,152.8020050048828,234.6810028076172,209.73650871070743,152.8020050048828,95.86750129905818,0,0,0,0,0.0,0,0
2021-09-29 00:00:00-04:00,139.96959026320496,141.91483619801207,139.53731005747213,140.32327270507812,74602000,0.0,0.0,AAPL,20.33646315982468,146.03766937255858,232.53746826171877,154.59900750614364,146.03766937255858,137.47633123897353,0,0,0,0,0.0,0,0
2021-09-30 00:00:00-04:00,141.13868054759757,141.8460452955598,138.8004462423343,139.01658630371094,89056700,0.0,0.0,AAPL,19.910178470113635,145.4968299865723,229.88366668701173,154.39088015533218,145.4968299865723,136.60277981781235,0,0,0,0,0.0,0,0
2021-10-01 00:00:00-04:00,139.40958617193502,140.41168891776826,136.6685585033504,140.14642333984375,94639600,0.0,0.0,AAPL,21.44350803874671,144.95648422241212,227.2417282104492,153.77163635848538,144.95648422241212,136.14133208633885,0,0,0,0,0.0,0,0
2021-10-04 00:00:00-04:00,139.2719949269764,139.7141090652618,135.84325677057336,136.69798278808594,98322000,0.0,0.0,AAPL,20.173982492615817,144.21178665161133,224.607021484375,153.1741155448476,144.21178665161133,135.24945775837506,0,0,0,0,0.0,0,0
2021-10-05 00:00:00-04:00,137.0418446815131,139.74357998894078,136.91412148804673,138.63340759277344,80861100,0.0,0.0,AAPL,22.931760417075782,143.44645614624022,222.20248992919923,151.52583624490217,143.44645614624022,135.36707604757828,0,0,0,0,0.0,0,0
2021-10-06 00:00:00-04:00,137.02220177133304,139.6551586362684,135.94150157095734,139.50779724121094,83221100,0.0,0.0,AAPL,24.20574595803309,142.8024589538574,219.49624572753908,149.92501079659263,142.8024589538574,135.6799071111222,0,0,0,0,0.0,0,0
2021-10-07 00:00:00-04:00,140.5492178228683,141.6888627981477,140.21518860317957,140.77517700195312,61732700,0.0,0.0,AAPL,26.112293714963364,142.2729179382324,216.69374938964845,148.25323787744577,142.2729179382324,136.29259799901905,0,0,0,0,0.0,0,0
2021-10-08 00:00:00-04:00,141.50218617118406,141.6495475850892,140.0579843509609,140.3920135498047,58773200,0.0,0.0,AAPL,25.900176400209908,141.9747459411621,213.55858978271485,147.7003674245843,141.9747459411621,136.2491244577399,0,0,0,0,0.0,0,0
2021-10-11 00:00:00-04:00,139.77307281576375,142.26848756147706,139.32113952004272,140.3035888671875,64452200,0.0,0.0,AAPL,25.847993039843164,141.64365997314454,210.41912811279295,146.93527688118306,141.64365997314454,136.35204306510602,0,0,0,0,0.0,0,0
2021-10-12 00:00:00-04:00,140.7162117326742,140.7358649165263,138.56464532596834,139.02639770507812,73035900,0.0,0.0,AAPL,25.062537795948035,141.31896057128907,207.18792266845705,146.41245667057913,141.31896057128907,136.225464471999,0,0,0,0,0.0,0,0
2021-10-13 00:00:00-04:00,138.76114549498064,138.91832599092527,136.75694051407237,138.4369354248047,78762700,0.0,0.0,AAPL,24.689636316251484,140.92008514404296,203.80872802734376,145.58653129329824,140.92008514404296,136.25363899478768,0,0,0,0,0.0,0,0
2021-10-14 00:00:00-04:00,139.6158725875649,141.35481207051464,139.0263970028741,141.23690795898438,69907100,0.0,0.0,AAPL,30.016221575823376,140.672998046875,200.4607995605469,144.67563295469589,140.672998046875,136.6703631390541,0,0,0,0,0.0,0,0
2021-10-15 00:00:00-04:00,141.24677567087335,142.35693346590534,140.99132919423647,142.29798889160156,67940300,0.0,0.0,AAPL,31.979638351146612,140.61306915283205,197.54335906982425,144.47834162646296,140.61306915283205,136.7477966792011,0,0,0,0,0.0,0,0
2021-10-18 00:00:00-04:00,140.9323372210443,144.26283946799413,140.6474335440658,143.97793579101562,85589200,0.0,0.0,AAPL,35.08486157744092,140.79040069580077,194.61445098876956,144.92227717544236,140.79040069580077,136.65852421615918,0,0,0,0,0.0,0,0
2021-10-19 00:00:00-04:00,144.4298683623013,146.55196247996375,143.97795007247626,146.14915466308594,76378900,0.0,0.0,AAPL,38.963138512504095,141.05222244262694,191.87076721191409,145.79969094298505,141.05222244262694,136.30475394226883,0,0,0,0,0.0,0,0
2021-10-20 00:00:00-04:00,146.09024203898952,147.12181704316637,145.5204195129586,146.64041137695312,58418800,0.0,0.0,AAPL,39.83892451229321,141.21972885131837,188.9164422607422,146.47995807576126,141.21972885131837,135.95949962687547,0,0,0,0,0.0,0,0
2021-10-21 00:00:00-04:00,146.19829754485934,147.0137323721567,145.2747926804265,146.85653686523438,61421000,0.0,0.0,AAPL,40.24514439601938,141.34990234375,186.12097290039063,147.0170642236787,141.34990234375,135.6827404638213,0,0,0,0,0.0,0,0
2021-10-22 00:00:00-04:00,147.06284792510272,147.54423851998152,146.03127309309616,146.0803985595703,58883400,0.0,0.0,AAPL,39.22095203674133,141.43684844970704,183.0419808959961,147.33363579930074,141.43684844970704,135.54006110011335,0,0,0,0,0.0,0,0
2021-10-25 00:00:00-04:00,146.07057189816248,146.74846439340308,145.02917791630992,146.03128051757812,50720600,0.0,0.0,AAPL,39.153044154478586,141.59747924804688,179.7762063598633,147.80302274484544,141.59747924804688,135.39193575124833,0,0,0,0,0.0,0,0
2021-10-26 00:00:00-04:00,146.70915991683498,148.1926530050328,146.39476893627048,146.6993408203125,60893400,0.0,0.0,AAPL,40.65799925648102,141.96147689819335,176.57892669677733,148.4603825582148,141.96147689819335,135.4625712381719,0,0,0,0,0.0,0,0
2021-10-27 00:00:00-04:00,146.7386230749686,147.10212450653455,145.88389701004922,146.23757934570312,56094900,0.0,0.0,AAPL,39.9229872525347,142.2571922302246,173.4237448120117,148.96586217143627,142.2571922302246,135.54852228901294,0,0,0,0,0.0,0,0
2021-10-28 00:00:00-04:00,147.19055278961676,150.48174875924713,147.09230186891733,149.8922882080078,100077900,0.0,0.0,AAPL,47.9441566548764,142.80097732543945,170.36419067382812,150.10728119434654,142.80097732543945,135.49467345653235,0,0,0,0,0.0,0,0
2021-10-29 00:00:00-04:00,144.6362225996184,147.30848654994315,143.84044087010815,147.1709442138672,124953200,0.0,0.0,AAPL,43.30747227481566,143.15220336914064,167.37427642822266,150.58850809920597,143.15220336914064,135.7158986390753,0,0,0,0,0.0,0,0
2021-11-01 00:00:00-04:00,146.375114367101,147.07264491683637,145.20599739927886,146.34564208984375,74588300,0.0,0.0,AAPL,41.98147169708483,143.63458633422852,164.50292266845702,150.56827743271157,143.63458633422852,136.70089523574546,0,0,0,0,0.0,0,0
2021-11-02 00:00:00-04:00,146.05096810035445,148.90990017056117,146.04113400965102,147.38710021972656,69122000,0.0,0.0,AAPL,44.29916577947866,144.07227096557617,161.52159790039062,150.78968975812575,144.07227096557617,137.3548521730266,0,0,0,0,0.0,0,0
2021-11-03 00:00:00-04:00,147.75058309812417,149.3028551426874,147.19059466557994,148.83128356933594,54511500,0.0,0.0,AAPL,47.434987596060125,144.53844528198243,158.55628997802734,151.21805585280356,144.53844528198243,137.8588347111613,0,0,0,0,0.0,0,0
2021-11-04 00:00:00-04:00,148.91967594049794,149.75474890276217,147.9961711425925,148.31056213378906,60394600,0.0,0.0,AAPL,46.420224374331966,144.91521453857422,155.60110107421875,151.55318957364543,144.91521453857422,138.277239503503,0,0,0,0,0.0,0,0
2021-11-05 00:00:00-04:00,149.4420272974096,149.74702870500494,147.6415191356496,148.84185791015625,65463900,0.22,0.0,AAPL,47.65075365394826,145.3377067565918,152.81613830566403,151.84466841820208,145.3377067565918,138.8307450949815,0,0,0,0,0.0,0,0
2021-11-08 00:00:00-05:00,148.9697947704774,149.12721972345574,147.73994047446502,148.0154266357422,55020900,0.0,0.0,AAPL,45.88544334577026,145.72329864501953,150.08004669189452,151.8967412675212,145.72329864501953,139.54985602251784,0,0,0,0,0.0,0,0
2021-11-09 00:00:00-05:00,147.77927088505552,148.9894431586947,147.64152782149387,148.3794403076172,56787900,0.0,0.0,AAPL,46.81997804365649,146.1909507751465,147.49363525390626,151.63869535621325,146.1909507751465,140.74320619407973,0,0,0,0,0.0,0,0
2021-11-10 00:00:00-05:00,147.6021870790371,147.71041485003775,145.46716197190457,145.53602600097656,65187100,0.0,0.0,AAPL,40.88102090694434,146.54590530395507,144.89215606689453,150.69738511623547,146.54590530395507,142.39442549167467,0,0,0,0,0.0,0,0
2021-11-11 00:00:00-05:00,146.55922985309232,147.02164108775477,145.2998457018592,145.48678588867188,41000000,0.0,0.0,AAPL,40.78454072026978,146.75839920043944,144.8052243041992,150.1703526340282,146.75839920043944,143.34644576685068,0,0,0,0,0.0,0,0
2021-11-12 00:00:00-05:00,146.03777668648874,147.97602779837536,145.10309064575517,147.57264709472656,63804000,0.0,0.0,AAPL,46.54019653800712,147.0221321105957,144.7376104736328,149.763802029353,147.0221321105957,144.28046219183838,0,0,0,0,0.0,0,0
2021-11-15 00:00:00-05:00,147.94650571936123,149.43217889672766,147.0216531484388,147.5824737548828,59222800,0.0,0.0,AAPL,46.566546389508,147.20235900878907,144.65742126464843,149.56798732052627,147.20235900878907,144.83673069705188,0,0,0,0,0.0,0,0
2021-11-16 00:00:00-05:00,147.52343155115545,149.0484533291125,146.9330956974739,148.56634521484375,59256200,0.0,0.0,AAPL,49.26299855556506,147.32321853637694,144.54994781494142,149.7081740921451,147.32321853637694,144.93826298060878,0,0,0,0,0.0,0,0
2021-11-17 00:00:00-05:00,148.56639084071062,152.50192437291489,148.55655741151296,151.01626586914062,88807000,0.0,0.0,AAPL,55.31058990196404,147.54201126098633,144.52251831054687,150.39350325196614,147.54201126098633,144.69051927000652,0,0,0,0,0.0,0,0
2021-11-18 00:00:00-05:00,151.2327099234506,156.1127627253802,150.58334333688865,155.32565307617188,137827700,0.0,0.0,AAPL,63.542377657942296,147.9654670715332,144.60171142578125,152.37418437168552,147.9654670715332,143.55674977138088,0,0,0,0,0.0,0,0
2021-11-19 00:00:00-05:00,155.10919286329815,158.42488972086915,154.00724839540393,157.96246337890625,117305600,0.0,0.0,AAPL,67.48853286623233,148.5595703125,144.83385162353517,154.66712661301025,148.5595703125,142.45201401198975,0,0,0,0,0.0,0,0
2021-11-22 00:00:00-05:00,159.07423249970904,163.02944726502406,158.40519911335653,158.4248809814453,117467900,0.0,0.0,AAPL,68.13982250038822,149.17925033569335,145.06384307861327,156.52449721383692,149.17925033569335,141.83400345754978,0,0,0,0,0.0,0,0
2021-11-23 00:00:00-05:00,158.52324397832808,159.19229230867768,156.4964471469466,158.80857849121094,96041900,0.0,0.0,AAPL,68.70012113085349,149.7847122192383,145.32960693359374,158.13941851183714,149.7847122192383,141.43000592663944,0,0,0,0,0.0,0,0
2021-11-24 00:00:00-05:00,158.15922419885234,159.52682124459838,157.06711324772664,159.33004760742188,69463600,0.0,0.0,AAPL,69.48554004138782,150.43933563232423,145.58791900634765,159.59320067359562,150.43933563232423,141.28547059105284,0,0,0,0,0.0,0,0
2021-11-26 00:00:00-05:00,156.99827300940163,157.8640801466863,153.84000085740655,154.28274536132812,76959800,0.0,0.0,AAPL,55.07898801451982,150.65885848999022,145.75000091552735,159.9591268487957,150.65885848999022,141.35859013118474,0,0,0,0,0.0,0,0
2021-11-29 00:00:00-05:00,156.8014668186211,158.59214151775933,156.23081273910012,157.65745544433594,88748200,0.0,0.0,AAPL,60.91408101742049,151.18318405151368,146.03321868896484,160.81429432158575,151.18318405151368,141.5520737814416,0,0,0,0,0.0,0,0
2021-11-30 00:00:00-05:00,157.41150696083542,162.85238083703447,157.34262791823772,162.63592529296875,174048100,0.0,0.0,AAPL,67.60033495720494,151.99769821166993,146.4773110961914,162.56449742943067,151.99769821166993,141.43089899390918,0,0,0,0,0.0,0,0
2021-12-01 00:00:00-05:00,164.78075601319688,167.55531387504132,161.87830354264165,162.11444091796875,152052500,0.0,0.0,AAPL,66.32053912987543,152.73406524658202,146.90134552001953,163.94595509158512,152.73406524658202,141.52217540157892,0,0,0,0,0.0,0,0
2021-12-02 00:00:00-05:00,156.1816292767735,161.55362330337118,155.2567766388586,161.12071228027344,136739200,0.0,0.0,AAPL,63.84027583929716,153.3485366821289,147.2579541015625,164.97682125232956,153.3485366821289,141.72025211192823,0,0,0,0,0.0,0,0
2021-12-03 00:00:00-05:00,161.37653219165813,162.3013848333752,157.1458312842644,159.23165893554688,118023100,0.0,0.0,AAPL,59.30016224745158,153.8945915222168,147.5575259399414,165.55093256354797,153.8945915222168,142.2382504808856,0,0,0,0,0.0,0,0
2021-12-06 00:00:00-05:00,161.64214993684496,165.17430172027613,161.63231651035193,162.6555633544922,107497000,0.0,0.0,AAPL,64.26121496599964,154.58527679443358,147.92380767822266,166.5938988631431,154.58527679443358,142.57665472572407,0,0,0,0,0.0,0,0
2021-12-07 00:00:00-05:00,166.35499657622435,168.814704921012,165.6269175015346,168.421142578125,120405400,0.0,0.0,AAPL,70.73106335394677,155.60556259155274,148.43585723876953,168.63233201966494,155.60556259155274,142.57879316344054,0,0,0,0,0.0,0,0
2021-12-08 00:00:00-05:00,169.35583286489788,173.12410760824633,167.9488719754966,172.25828552246094,116998900,0.0,0.0,AAPL,74.09253160655874,156.79950485229492,149.0926351928711,171.25682122828613,156.79950485229492,142.3421884763037,0,0,0,0,0.0,0,0
2021-12-09 00:00:00-05:00,172.0910540478279,173.90139595281943,171.11700404917335,171.74668884277344,108923700,0.0,0.0,AAPL,72.8905502803021,158.11003799438475,149.721103515625,172.99138467442947,158.11003799438475,143.22869131434004,0,0,0,0,0.0,0,0
2021-12-10 00:00:00-05:00,172.38619070089263,176.73495286088573,171.87456720769728,176.55784606933594,115402700,0.0,0.0,AAPL,76.71603703202938,159.66359100341796,150.4719287109375,175.41146060579024,159.66359100341796,143.9157214010457,0,0,0,0,0.0,0,0
2021-12-13 00:00:00-05:00,178.20093567002317,179.19466739552252,172.70103171320386,172.90765380859375,153237000,0.0,0.0,AAPL,68.7853170323537,160.93034133911132,151.1271533203125,176.65991941222794,160.93034133911132,145.2007632659947,0,0,0,0,0.0,0,0
2021-12-14 00:00:00-05:00,172.4255566201901,174.87543155968305,169.43455784995845,171.5203857421875,139380400,0.0,0.0,AAPL,65.99306824899665,162.12723693847656,151.82360137939452,177.2429931001032,162.12723693847656,147.0114807768499,0,0,0,0,0.0,0,0
2021-12-15 00:00:00-05:00,172.2878048999529,176.60705197732372,169.5329286631927,176.4102783203125,131063300,0.0,0.0,AAPL,70.53362122314726,163.51943359375,152.5791387939453,178.5112558840844,163.51943359375,148.5276113034156,0,0,0,0,0.0,0,0
2021-12-16 00:00:00-05:00,176.39059919327553,178.22062275638177,167.99807573252775,169.48373413085938,150185800,0.0,0.0,AAPL,58.59843297089197,164.44280700683595,153.17865753173828,178.48534941533288,164.44280700683595,150.40026459833902,0,0,0,0,0.0,0,0
2021-12-17 00:00:00-05:00,167.19128474267674,170.67424008979302,166.95516235498613,168.3817901611328,195432700,0.0,0.0,AAPL,56.94747819869757,165.095613861084,153.73078979492186,178.58512788633726,165.095613861084,151.60609983583072,0,0,0,0,0.0,0,0
2021-12-20 00:00:00-05:00,165.56786589082796,167.83080028341357,164.76108946281846,167.01417541503906,107499100,0.0,0.0,AAPL,54.88086560378943,165.54819946289064,154.26323303222657,178.65191886833537,165.54819946289064,152.4444800574459,0,0,0,0,0.0,0,0
2021-12-21 00:00:00-05:00,168.79498937403753,170.40855712577752,166.39431210642957,170.2019500732422,91185900,0.0,0.0,AAPL,58.64782909589709,166.13705291748047,154.86120025634764,178.96294915921573,166.13705291748047,153.31115667574522,0,0,0,0,0.0,0,0
2021-12-22 00:00:00-05:00,170.25111740953156,173.02567483370697,169.37546209018063,172.80921936035156,92135300,0.0,0.0,AAPL,61.48048863769869,166.8370849609375,155.53685668945312,179.51405969788783,166.8370849609375,154.16011022398715,0,0,0,0,0.0,0,0
2021-12-23 00:00:00-05:00,173.01587174407524,173.99975497261622,172.4452176699775,173.43893432617188,68356600,0.0,0.0,AAPL,62.154783528148926,167.542529296875,156.2368966674805,180.03896249517956,167.542529296875,155.04609609857042,0,0,0,0,0.0,0,0
2021-12-27 00:00:00-05:00,174.2358882719811,177.51222143014604,174.21622141544026,177.42367553710938,74919600,0.0,0.0,AAPL,66.18824242731108,168.69957580566407,156.96063201904298,180.32578982340732,168.69957580566407,157.0733617879208,0,0,0,0,0.0,0,0
2021-12-28 00:00:00-05:00,177.25642511096046,178.40756681054975,175.65269047193013,176.4004364013672,79144300,0.0,0.0,AAPL,64.29330828943223,169.63672485351563,157.64268096923828,180.55143169350447,169.63672485351563,158.7220180135268,0,0,0,0,0.0,0,0
2021-12-29 00:00:00-05:00,176.43980124349002,177.7188525886418,175.2689776663019,176.48899841308594,62348900,0.0,0.0,AAPL,64.38833824472076,170.3293785095215,158.2929022216797,181.13679451631205,170.3293785095215,159.52196250273093,0,0,0,0,0.0,0,0
2021-12-30 00:00:00-05:00,176.5775389376338,177.6598165843381,175.21977516501707,175.3280029296875,59773000,0.0,0.0,AAPL,62.056668133029525,170.99005661010742,158.8764791870117,181.31257896782657,170.99005661010742,160.66753425238826,0,0,0,0,0.0,0,0
2021-12-31 00:00:00-05:00,175.21976889427975,176.34139522760188,174.40314397424044,174.70816040039062,64062300,0.0,0.0,AAPL,60.79095758953792,171.66942901611327,159.43783416748047,181.04985267500908,171.66942901611327,162.28900535721746,0,0,0,0,0.0,0,0
2022-01-03 00:00:00-05:00,174.96397401631208,179.9325878251871,174.84591282107223,179.07659912109375,104487900,0.0,0.0,AAPL,66.04694546426137,172.66167602539062,160.08223541259767,180.66715792144709,172.66167602539062,164.65619412933415,0,0,0,0,0.0,0,0
2022-01-04 00:00:00-05:00,179.68660349006143,179.99160489675614,176.23316366013424,176.80381774902344,99310400,0.0,0.0,AAPL,61.43286676552201,173.36908874511718,160.6967037963867,180.11394002732976,173.36908874511718,166.6242374629046,0,0,0,0,0.0,0,0
2022-01-05 00:00:00-05:00,176.71525988783705,177.26623207071754,171.8253592454738,172.10084533691406,94537600,0.0,0.0,AAPL,53.15735142940908,173.55307388305664,161.21809509277344,179.93922066413018,173.55307388305664,167.1669271019831,0,0,0,0,0.0,0,0
2022-01-06 00:00:00-05:00,169.91665113177746,172.47475384074252,168.8737371853569,169.22793579101562,96904000,0.0,0.0,AAPL,48.83006381078308,173.40155639648438,161.6686669921875,180.0421218120011,173.40155639648438,166.76099098096765,0,0,0,0,0.0,0,0
2022-01-07 00:00:00-05:00,170.10358456089105,171.33343869618955,168.27356100705217,169.3951873779297,86709100,0.0,0.0,AAPL,49.08989387968729,173.2839813232422,162.13181915283204,180.1180353664052,173.2839813232422,166.44992728007918,0,0,0,0,0.0,0,0
2022-01-10 00:00:00-05:00,166.3549934911358,169.71987264285875,165.4596560671489,169.4148712158203,106765600,0.0,0.0,AAPL,49.12263724703106,172.9268325805664,162.52227081298827,179.7857274111359,172.9268325805664,166.06793774999693,0,0,0,0,0.0,0,0
2022-01-11 00:00:00-05:00,169.54277308913493,172.35666484220278,168.06694817720108,172.25828552246094,76138300,0.0,0.0,AAPL,53.75012181648445,172.89436416625978,163.02401763916015,179.75945986652664,172.89436416625978,166.0292684659929,0,0,0,0,0.0,0,0
2022-01-12 00:00:00-05:00,173.28152209013933,174.32443598667186,172.00248580970825,172.70103454589844,74805200,0.0,0.0,AAPL,54.44492106873259,172.95339660644532,163.55112548828126,179.79046553869284,172.95339660644532,166.1163276741978,0,0,0,0,0.0,0,0
2022-01-13 00:00:00-05:00,172.9470087303428,173.7734671157762,169.021308880232,169.4148712158203,84505800,0.0,0.0,AAPL,48.60813322030328,172.6036262512207,163.99168090820314,179.41320630655687,172.6036262512207,165.79404619588453,0,0,0,0,0.0,0,0
2022-01-14 00:00:00-05:00,168.5785716579076,170.97924946347322,168.33260081738436,170.28070068359375,80440800,0.0,0.0,AAPL,50.12527087159305,172.64347457885742,164.4206692504883,179.38858245369372,172.64347457885742,165.89836670402113,0,0,0,0,0.0,0,0
2022-01-18 00:00:00-05:00,168.7457861971578,169.7591845958595,166.67964068115353,167.0633544921875,90956700,0.0,0.0,AAPL,44.82933187011287,172.57755279541016,164.79572509765626,179.51111282890832,172.57755279541016,165.643992761912,0,0,0,0,0.0,0,0
2022-01-19 00:00:00-05:00,167.26016286506513,168.32275864245793,163.26559902458186,163.55091857910156,94815000,0.0,0.0,AAPL,39.876043615922256,172.40438995361328,165.08990631103515,180.0241081071103,172.40438995361328,164.78467180011629,0,0,0,0,0.0,0,0
2022-01-20 00:00:00-05:00,164.2888356247408,166.94531763556114,161.53395927494375,161.858642578125,91420500,0.0,0.0,AAPL,37.71392018342968,171.98722457885742,165.3667706298828,180.8549416579785,171.98722457885742,163.11950749973636,0,0,0,0,0.0,0,0
2022-01-21 00:00:00-05:00,161.77011127001666,163.6493322187244,159.68428320884053,159.79251098632812,122848900,0.0,0.0,AAPL,35.2041511079835,171.33638916015624,165.59503204345702,181.65865306217935,171.33638916015624,161.0141252581331,0,0,0,0,0.0,0,0
2022-01-24 00:00:00-05:00,157.44099364386307,159.6842461356459,152.20672782112572,159.01519775390625,162294600,0.0,0.0,AAPL,34.27989084325391,170.61520233154295,165.86461547851562,182.18874554850083,170.61520233154295,159.04165911458512,0,0,0,0,0.0,0,0
2022-01-25 00:00:00-05:00,156.41777008167946,160.13684792706067,154.48936713148768,157.2048797607422,115798400,0.0,0.0,AAPL,32.16207607998155,169.6042625427246,166.09897735595703,182.11646436257837,169.6042625427246,157.09206072287083,0,0,0,0,0.0,0,0
2022-01-26 00:00:00-05:00,160.86489488644725,161.74055028867843,155.276445805436,157.11630249023438,108275300,0.0,0.0,AAPL,32.05771628171468,168.64005584716796,166.2898504638672,181.86082169506267,168.64005584716796,155.41928999927325,0,0,0,0,0.0,0,0
2022-01-27 00:00:00-05:00,159.83183900024744,161.19943618602957,155.72904744290105,156.65390014648438,121954600,0.0,0.0,AAPL,31.483397310111705,167.6483009338379,166.47127899169922,181.3328449228775,167.6483009338379,153.9637569447983,0,0,0,0,0.0,0,0
2022-01-28 00:00:00-05:00,163.03933266223294,167.60455125731576,160.17622822742234,167.58486938476562,179935700,0.0,0.0,AAPL,52.94457705000756,167.2611442565918,166.85164947509764,180.48507798223943,167.2611442565918,154.03721053094415,0,0,0,0,0.0,0,0
2022-01-31 00:00:00-05:00,167.41756867469104,172.17955975276536,166.77803558788963,171.96310424804688,115541600,0.0,0.0,AAPL,58.54544228502077,167.1238914489746,167.2705862426758,180.09027666269452,167.1238914489746,154.1575062352547,0,0,0,0,0.0,0,0
2022-02-01 00:00:00-05:00,171.20550150726515,172.0221263232155,169.53290315502977,171.79583740234375,86213900,0.0,0.0,AAPL,58.26013528576848,166.7598533630371,167.5999899291992,178.73436889635752,166.7598533630371,154.7853378297167,0,0,0,0,0.0,0,0
2022-02-02 00:00:00-05:00,171.93362840977625,173.04542148343987,170.5365157487061,173.0060577392578,84914300,0.0,0.0,AAPL,59.78708303056831,166.56996536254883,167.90086181640626,178.0098762953894,166.56996536254883,155.13005442970825,0,0,0,0,0.0,0,0
2022-02-03 00:00:00-05:00,171.66794061482483,173.39958469623934,169.34597560709165,170.1134033203125,89418100,0.0,0.0,AAPL,54.6417387709386,166.47059326171876,168.1346322631836,177.75000489298532,166.47059326171876,155.1911816304522,0,0,0,0,0.0,0,0
2022-02-04 00:00:00-05:00,169.1282897421516,171.51233418324563,168.14315287730125,169.82774353027344,82465400,0.22,0.0,AAPL,54.14616080943713,166.50058364868164,168.35501556396486,177.81230469698752,166.50058364868164,155.18886260037576,0,0,0,0,0.0,0,0
2022-02-07 00:00:00-05:00,170.29072729509326,171.36452266980686,168.4091126265265,169.1085662841797,77251200,0.0,0.0,AAPL,52.84666007789115,166.48625259399415,168.5505859375,177.78398599913757,166.48625259399415,155.18851918885073,0,0,0,0,0.0,0,0
2022-02-08 00:00:00-05:00,169.17753061992778,172.74373589252258,168.88198658721635,172.23146057128906,74829200,0.0,0.0,AAPL,57.60474451276677,166.62708206176757,168.9095602416992,178.13558195844368,166.62708206176757,155.11858216509145,0,0,0,0,0.0,0,0
2022-02-09 00:00:00-05:00,173.43333485667165,174.0244079113753,172.30041852916588,173.659912109375,71285000,0.0,0.0,AAPL,59.61227428281598,166.6971633911133,169.229609375,178.35803700818968,166.6971633911133,155.0362897740369,0,0,0,0,0.0,0,0
2022-02-10 00:00:00-05:00,171.55170211899048,172.87178167224684,169.00020170665326,169.5617218017578,90865900,0.0,0.0,AAPL,52.003898819919534,166.54019775390626,169.3681253051758,177.95550615435425,166.54019775390626,155.12488935345826,0,0,0,0,0.0,0,0
2022-02-11 00:00:00-05:00,169.7686414018993,170.50749406654586,165.54239574220313,166.13348388671875,98670700,0.0,0.0,AAPL,46.64113278377067,166.37612838745116,169.4485061645508,177.71552539878957,166.37612838745116,155.03673137611275,0,0,0,0,0.0,0,0
2022-02-14 00:00:00-05:00,164.88235253436352,167.05951162338678,164.08439407762512,166.3699188232422,86185500,0.0,0.0,AAPL,47.04670788994695,166.1805892944336,169.55349029541014,177.37790384667022,166.1805892944336,154.98327474219695,0,0,0,0,0.0,0,0
2022-02-15 00:00:00-05:00,168.4288452823497,170.37941199974065,167.7195455611175,170.22178649902344,62527400,0.0,0.0,AAPL,53.27739738250877,166.3385108947754,169.77329284667968,177.66946391491825,166.3385108947754,155.00755787463257,0,0,0,0,0.0,0,0
2022-02-16 00:00:00-05:00,169.29577403127885,170.76361832030156,167.52252469125588,169.98536682128906,61177400,0.0,0.0,AAPL,52.86623021211064,166.66023330688478,169.91988891601562,178.02167038803563,166.66023330688478,155.29879622573392,0,0,0,0,0.0,0,0
2022-02-17 00:00:00-05:00,168.48795707339963,169.35488232615032,165.9660091003019,166.3699188232422,69589300,0.0,0.0,AAPL,46.904733797021294,166.88579711914062,169.87886444091797,178.03409466674617,166.88579711914062,155.73749957153507,0,0,0,0,0.0,0,0
2022-02-18 00:00:00-05:00,167.29591839625454,168.0052029771983,163.71986743369874,164.81336975097656,82772700,0.0,0.0,AAPL,44.574248561808105,167.13684005737304,169.7299661254883,177.85264601817187,167.13684005737304,156.4210340965742,0,0,0,0,0.0,0,0
2022-02-22 00:00:00-05:00,162.52784908789482,164.21243946447404,159.73991041394962,161.87767028808594,91162800,0.0,0.0,AAPL,40.488301817156,167.27996368408202,169.53258575439452,177.62820597399488,167.27996368408202,156.93172139416916,0,0,0,0,0.0,0,0
2022-02-23 00:00:00-05:00,163.07952569314477,163.68045969243948,157.3755907096695,157.6908416748047,90009200,0.0,0.0,AAPL,35.49150832457534,167.30426177978515,169.1552456665039,177.5596284660718,167.30426177978515,157.0488950934985,0,0,0,0,0.0,0,0
2022-02-24 00:00:00-05:00,150.31217357463046,160.42953264062146,149.74079243125084,160.3211669921875,141147500,0.0,0.0,AAPL,40.46269399434574,167.46450500488282,168.9035159301758,177.1631468670631,167.46450500488282,157.76586314270256,0,0,0,0,0.0,0,0
2022-02-25 00:00:00-05:00,161.40479781703053,162.66577162560156,158.4789405339572,162.39979553222656,91974200,0.0,0.0,AAPL,44.12704320929893,167.7517997741699,168.72110412597655,176.44029341579898,167.7517997741699,159.06330613254084,0,0,0,0,0.0,0,0
2022-02-28 00:00:00-05:00,160.6363771642936,162.9613002222384,160.01573627452265,162.66575622558594,95056600,0.0,0.0,AAPL,44.59690159605066,167.50584411621094,168.44621368408204,176.47333761565204,167.50584411621094,158.53835061676983,0,0,0,0,0.0,0,0
2022-03-01 00:00:00-05:00,162.2520277075245,164.12379664388249,159.56260845656183,160.77432250976562,83474400,0.0,0.0,AAPL,41.898409100974725,166.94640502929687,168.27202545166017,176.1253643573302,166.94640502929687,157.76744570126354,0,0,0,0,0.0,0,0
2022-03-02 00:00:00-05:00,161.94662101610797,164.8724782087133,160.52802176733047,164.08436584472656,79724800,0.0,0.0,AAPL,47.84588074498545,166.56083145141602,168.18607696533203,175.53821866599495,166.56083145141602,157.5834442368371,0,0,0,0,0.0,0,0
2022-03-03 00:00:00-05:00,165.96600453428687,166.3994671487369,163.08940676711282,163.75929260253906,76678400,0.0,0.0,AAPL,47.33343883613737,166.09849319458007,168.12097930908203,174.64249636344766,166.09849319458007,157.55449002571248,0,0,0,0,0.0,0,0
2022-03-04 00:00:00-05:00,162.04515399744983,163.0893965768349,159.6906776997061,160.74476623535156,83737200,0.0,0.0,AAPL,42.75983393959939,165.63006134033202,167.9318356323242,174.26897645442935,165.63006134033202,156.9911462262347,0,0,0,0,0.0,0,0
2022-03-07 00:00:00-05:00,160.93194979420673,162.56728050558442,156.67615156199415,156.9322967529297,96418800,0.0,0.0,AAPL,37.78698972204555,164.98528900146485,167.61429718017578,174.18170370952998,164.98528900146485,155.78887429339972,0,0,0,0,0.0,0,0
2022-03-08 00:00:00-05:00,156.4594387052954,160.4590918337938,153.4843212668971,155.09994506835938,131148300,0.0,0.0,AAPL,35.64156747726497,164.28485794067382,167.24751739501954,174.2224306133229,164.28485794067382,154.3472852680247,0,0,0,0,0.0,0,0
2022-03-09 00:00:00-05:00,159.07989329168066,160.9812152164197,157.04066784211605,160.52804565429688,91454900,0.0,0.0,AAPL,45.51120929233491,163.6996871948242,166.90960479736327,173.0580353639305,163.6996871948242,154.34133902571793,0,0,0,0,0.0,0,0
2022-03-10 00:00:00-05:00,157.81891731398164,158.00609571698396,153.66163868475533,156.1638946533203,105342000,0.0,0.0,AAPL,40.17656678445653,162.82488632202148,166.50487396240234,171.5446335638859,162.82488632202148,154.10513908015707,0,0,0,0,0.0,0,0
2022-03-11 00:00:00-05:00,156.5677776744671,156.9125815524345,152.20362905353198,152.43020629882812,96970100,0.0,0.0,AAPL,36.26055188737786,161.968310546875,166.0236981201172,171.2220658834103,161.968310546875,152.71455521033968,0,0,0,0,0.0,0,0
2022-03-14 00:00:00-04:00,149.19896723804965,151.8292807234323,147.86904156044886,148.3813018798828,108732100,0.0,0.0,AAPL,32.55484329033874,161.0807014465332,165.4847640991211,171.84788377440347,161.0807014465332,150.31351911866292,0,0,0,0,0.0,0,0
2022-03-15 00:00:00-04:00,148.65714063785396,153.2577428312749,148.14488031272373,152.7848663330078,92964300,0.0,0.0,AAPL,39.76489001172282,160.40144882202148,165.04629821777343,171.45837835623288,160.40144882202148,149.34451928781007,0,0,0,0,0.0,0,0
2022-03-16 00:00:00-04:00,154.7157610791968,157.62191207671177,152.1642599851343,157.21800231933594,102300200,0.0,0.0,AAPL,46.02098902298,159.75125961303712,164.60912628173827,169.91510566675177,159.75125961303712,149.58741355932247,0,0,0,0,0.0,0,0
2022-03-17 00:00:00-04:00,156.25256155188856,158.60703810004415,155.28713161589062,158.23268127441406,75615400,0.0,0.0,AAPL,47.36840810800248,159.16362533569335,164.2377035522461,168.1878336883468,159.16362533569335,150.1394169830399,0,0,0,0,0.0,0,0
2022-03-18 00:00:00-04:00,158.12432865975367,162.03532360888968,157.38547593684885,161.54275512695312,123511700,0.0,0.0,AAPL,51.61178032967327,158.9222671508789,164.02654174804687,167.40455692697068,158.9222671508789,150.4399773747871,0,0,0,0,0.0,0,0
2022-03-21 00:00:00-04:00,161.0797350017768,163.87753532447212,160.58716653375254,162.9219512939453,95811400,0.0,0.0,AAPL,53.30122192019559,158.82769622802735,163.90042205810548,167.08432640550654,158.82769622802735,150.57106605054815,0,0,0,0,0.0,0,0
2022-03-22 00:00:00-04:00,163.0499757920267,166.90186403813098,162.4589027695207,166.310791015625,81532000,0.0,0.0,AAPL,57.250720884228926,159.0493522644043,163.83873413085936,167.84220671904265,159.0493522644043,150.25649780976593,0,0,0,0,0.0,0,0
2022-03-23 00:00:00-04:00,165.49312525419109,170.0740050516706,165.15816734052234,167.6801300048828,98062700,0.0,0.0,AAPL,58.7681686162827,159.5488166809082,163.80403930664062,169.0801012388117,159.5488166809082,150.0175321230047,0,0,0,0,0.0,0,0
2022-03-24 00:00:00-04:00,168.51751638457037,171.55173985257596,167.68015903541058,171.4827880859375,90131400,0.0,0.0,AAPL,62.72513212015396,160.1068977355957,163.78852935791016,170.96803014284794,160.1068977355957,149.24576532834348,0,0,0,0,0.0,0,0
2022-03-25 00:00:00-04:00,171.29559658174085,172.67478212909984,170.18238715508997,172.12310791015625,80546200,0.0,0.0,AAPL,63.3627300204174,160.5930633544922,163.77697082519532,172.62822660484204,160.5930633544922,148.55790010414233,0,0,0,0,0.0,0,0
2022-03-28 00:00:00-04:00,169.6109938547052,173.11807830876265,169.4435224096512,172.99002075195312,90371900,0.0,0.0,AAPL,64.25422450517033,161.10927658081056,163.84847381591797,174.28717282709223,161.10927658081056,147.93138033452888,0,0,0,0,0.0,0,0
2022-03-29 00:00:00-04:00,174.0638448453387,176.34935468369693,173.71904091045016,176.30010986328125,100589400,0.0,0.0,AAPL,67.5055039244172,161.88556594848632,163.96886199951172,176.62925249783856,161.88556594848632,147.14187939913407,0,0,0,0,0.0,0,0
2022-03-30 00:00:00-04:00,175.8961519669219,176.9403944114148,174.07364315055753,175.12774658203125,92633200,0.0,0.0,AAPL,65.24208668202628,162.43773498535157,164.1301498413086,178.25737012254655,162.43773498535157,146.6180998481566,0,0,0,0,0.0,0,0
2022-03-31 00:00:00-04:00,175.196727695979,175.38390609608072,171.80785464486016,172.01473999023438,103049300,0.0,0.0,AAPL,59.53397054651628,162.85050735473632,164.29942626953124,179.20819159865937,162.85050735473632,146.49282311081328,0,0,0,0,0.0,0,0
2022-04-01 00:00:00-04:00,171.4433554045636,172.28072769395772,169.38442310861137,171.7191925048828,78751300,0.0,0.0,AAPL,59.00614053657775,163.39922866821288,164.4966372680664,180.1686454627989,163.39922866821288,146.62981187362686,0,0,0,0,0.0,0,0
2022-04-04 00:00:00-04:00,171.97532178293372,175.8370558621495,171.847249201064,175.7877960205078,76468400,0.0,0.0,AAPL,63.76846275080911,164.3420036315918,164.81654296875,181.6621976153011,164.3420036315918,147.02180964788252,0,0,0,0,0.0,0,0
2022-04-05 00:00:00-04:00,174.86177442304066,175.64988683528978,171.82755140667763,172.45803833007812,73401800,0.0,0.0,AAPL,57.84571661898587,165.20990829467777,165.08539978027343,182.32910687885956,165.20990829467777,148.09070971049596,0,0,0,0,0.0,0,0
2022-04-06 00:00:00-04:00,169.79818332507708,171.0493112985937,167.60133241989047,169.27606201171875,89058800,0.0,0.0,AAPL,52.79896877394676,165.64730911254884,165.32682342529296,182.7126082870784,165.64730911254884,148.58200993801927,0,0,0,0,0.0,0,0
2022-04-07 00:00:00-04:00,168.61600637046422,170.7833041707851,167.32547965885468,169.58143615722656,77594700,0.0,0.0,AAPL,53.220775425680245,166.31818618774415,165.5761260986328,182.88721068756743,166.31818618774415,149.74916168792083,0,0,0,0,0.0,0,0
2022-04-08 00:00:00-04:00,169.2268038174018,169.2268038174018,166.68514898671697,167.56192016601562,76575500,0.0,0.0,AAPL,50.03623838238376,167.07477188110352,165.79428649902343,182.37108068397905,167.07477188110352,151.778463078228,0,0,0,0,0.0,0,0
2022-04-11 00:00:00-04:00,166.2024187068813,166.5176546331748,163.04012329653918,163.28640747070312,72246700,0.0,0.0,AAPL,44.02955195660134,167.82002716064454,165.70831726074218,180.6550035186308,167.82002716064454,154.9850508026583,0,0,0,0,0.0,0,0
2022-04-12 00:00:00-04:00,165.52269490513837,167.34518902716218,164.16320126523246,165.1680450439453,79265200,0.0,0.0,AAPL,47.04262209237233,168.4391860961914,165.57241607666015,179.36615166615158,168.4391860961914,157.51222052623123,0,0,0,0,0.0,0,0
2022-04-13 00:00:00-04:00,164.90203813867376,168.4977812231989,164.2912581707364,167.86729431152344,70618900,0.0,0.0,AAPL,51.10868310976458,168.97165069580078,165.49384521484376,178.62291596723716,168.97165069580078,159.3203854243644,0,0,0,0,0.0,0,0
2022-04-14 00:00:00-04:00,168.0840485516755,168.72439653866832,162.58698299353122,162.83326721191406,75329400,0.0,0.0,AAPL,44.280336324673584,169.2016799926758,165.2903894042969,177.99975506295573,169.2016799926758,160.40360492239586,0,0,0,0,0.0,0,0
2022-04-18 00:00:00-04:00,161.48363023704638,164.12380480496248,161.1388413596214,162.61654663085938,69023900,0.0,0.0,AAPL,44.00774047476317,169.2553695678711,165.1404522705078,177.87717708829163,169.2553695678711,160.63356204745057,0,0,0,0,0.0,0,0
2022-04-19 00:00:00-04:00,162.5672352436218,165.32562054851138,161.47373308829737,164.91184997558594,67723800,0.0,0.0,AAPL,47.68132219505036,169.35486450195313,165.04213439941407,177.72425892656688,169.35486450195313,160.9854700773394,0,0,0,0,0.0,0,0
2022-04-20 00:00:00-04:00,166.25168871376107,166.36991535703385,163.63123612780706,164.7444305419922,67929800,0.0,0.0,AAPL,47.43685081515598,169.27654647827148,164.95485168457031,177.78655069479407,169.27654647827148,160.7665422617489,0,0,0,0,0.0,0,0
2022-04-21 00:00:00-04:00,166.3994683269321,168.98052205416587,163.4440577878417,163.94647216796875,87227800,0.0,0.0,AAPL,46.22046022638119,169.0898635864258,164.7891519165039,177.89060213930594,169.0898635864258,160.28912503354564,0,0,0,0,0.0,0,0
2022-04-22 00:00:00-04:00,163.9858553452318,165.37488661412266,159.0995708883909,159.38525390625,84882400,0.0,0.0,AAPL,39.91923863902869,168.4849868774414,164.5036587524414,178.1638384632812,168.4849868774414,158.8061352916016,0,0,0,0,0.0,0,0
2022-04-25 00:00:00-04:00,158.72524075058578,160.74477425226587,156.10478821517142,160.45909118652344,96046400,0.0,0.0,AAPL,41.92653068839196,167.90178604125975,164.3216061401367,178.02875451943683,167.90178604125975,157.77481756308268,0,0,0,0,0.0,0,0
2022-04-26 00:00:00-04:00,159.83844441124967,159.92710311480064,154.3906391571423,154.46945190429688,95623200,0.0,0.0,AAPL,34.918747336747906,166.97575759887695,164.08832550048828,178.37895317874674,166.97575759887695,155.57256201900717,0,0,0,0,0.0,0,0
2022-04-27 00:00:00-04:00,153.59268025761008,157.4150007741114,153.07055896241795,154.2428741455078,88063200,0.0,0.0,AAPL,34.68258831979594,165.87289581298828,163.8457846069336,177.71368160342254,165.87289581298828,154.032110022554,0,0,0,0,0.0,0,0
2022-04-28 00:00:00-04:00,156.88302915217585,162.07470409037728,156.5677781733732,161.20777893066406,130216800,0.0,0.0,AAPL,46.63116533244979,165.17689743041993,163.6655044555664,176.3790741695397,165.17689743041993,153.97472069130012,0,0,0,0,0.0,0,0
2022-04-29 00:00:00-04:00,159.43456534336957,163.72976318035495,154.91279020979022,155.3068389892578,131747600,0.0,0.0,AAPL,39.96129398310615,164.34150238037108,163.3719338989258,175.86667555424316,164.34150238037108,152.816329206499,0,0,0,0,0.0,0,0
2022-05-02 00:00:00-04:00,154.38079215381563,155.87818924361486,150.99191920912216,155.61221313476562,123055300,0.0,0.0,AAPL,40.43610418021353,163.53615341186523,163.15677978515626,175.13741647566474,163.53615341186523,151.93489034806572,0,0,0,0,0.0,0,0
2022-05-03 00:00:00-04:00,155.79937020716176,158.32133290120754,153.996583191987,157.10960388183594,88966500,0.0,0.0,AAPL,42.82386632157743,162.60224380493165,163.00270446777344,173.05882615817532,162.60224380493165,152.14566145168797,0,0,0,0,0.0,0,0
2022-05-04 00:00:00-04:00,157.29680399181643,164.00558374657948,156.89289426291103,163.55242919921875,108256500,0.0,0.0,AAPL,51.78070440378414,162.15696334838867,163.0361996459961,171.6068442514789,162.15696334838867,152.70708244529845,0,0,0,0,0.0,0,0
2022-05-05 00:00:00-04:00,161.41466576478126,161.6412430129053,152.64693949326465,154.4398956298828,130525300,0.0,0.0,AAPL,41.805518077118855,161.41515502929687,162.97118072509767,170.84242634353447,161.41515502929687,151.98788371505927,0,0,0,0,0.0,0,0
2022-05-06 00:00:00-04:00,153.91698631916998,157.30097774874963,152.11153553580905,155.16995239257812,116124600,0.23,0.0,AAPL,42.7569506025208,160.69458084106446,162.86815643310547,169.708981403049,160.69458084106446,151.6801802790799,0,0,0,0,0.0,0,0
2022-05-09 00:00:00-04:00,152.85148081205793,153.73941561249285,149.45764385540176,150.01998901367188,131577900,0.0,0.0,AAPL,38.03315848818596,159.81748428344727,162.62056030273436,169.3851138886242,159.81748428344727,150.24985467827034,0,0,0,0,0.0,0,0
2022-05-10 00:00:00-04:00,153.43360891877307,154.63724308180875,150.87834390139415,152.43714904785156,115366700,0.0,0.0,AAPL,41.31056225978653,159.2750213623047,162.41598815917968,169.2173378026882,159.2750213623047,149.3327049219212,0,0,0,0,0.0,0,0
2022-05-11 00:00:00-04:00,151.4406653915249,153.36450145245806,143.8538309512056,144.53457641601562,142689800,0.0,0.0,AAPL,34.82548018859977,158.2433479309082,162.09119323730468,169.69336337827596,158.2433479309082,146.79333248354047,0,0,0,0,0.0,0,0
2022-05-12 00:00:00-04:00,140.8546349911873,144.23861168034963,136.9378943865604,140.64744567871094,182602000,0.0,0.0,AAPL,32.15182535395697,156.8823554992676,161.62245483398436,169.80879114779106,156.8823554992676,143.95591985074412,0,0,0,0,0.0,0,0
2022-05-13 00:00:00-04:00,142.65021698133427,146.11313742780084,141.19007646669226,145.13641357421875,113990900,0.0,0.0,AAPL,38.065319397525606,155.9975128173828,161.24999725341797,169.57954921063688,155.9975128173828,142.41547642412874,0,0,0,0,0.0,0,0
2022-05-16 00:00:00-04:00,143.59732359605974,145.54089554276277,142.24569309682087,143.5874481201172,86643800,0.0,0.0,AAPL,36.8711322685155,155.0460578918457,160.9068508911133,169.2900133158018,155.0460578918457,140.8021024678896,0,0,0,0,0.0,0,0
2022-05-17 00:00:00-04:00,146.86293191317884,147.76072719277806,144.71217042216534,147.2378387451172,78336300,0.0,0.0,AAPL,41.52680082915445,154.1623573303223,160.71296173095703,168.03655806227968,154.1623573303223,140.28815659836485,0,0,0,0,0.0,0,0
2022-05-18 00:00:00-04:00,144.87990321822826,145.38305576655117,138.02313063348345,138.93080139160156,109742900,0.0,0.0,AAPL,35.17025628809604,152.87167587280274,160.38957885742187,167.35732449559288,152.87167587280274,138.3860272500126,0,0,0,0,0.0,0,0
2022-05-19 00:00:00-04:00,138.003427260779,139.75954624482372,134.76743171350006,135.5073699951172,136095600,0.0,0.0,AAPL,32.93295983849746,151.44972076416016,159.88916534423828,166.8613978898285,151.44972076416016,136.0380436384918,0,0,0,0,0.0,0,0
2022-05-20 00:00:00-04:00,137.22398633811162,138.8123874278818,130.8309252366742,135.74411010742188,137426100,0.0,0.0,AAPL,33.24918721276843,150.26766357421874,159.48076965332032,166.6588032232811,150.26766357421874,133.8765239251564,0,0,0,0,0.0,0,0
2022-05-23 00:00:00-04:00,135.94144307204655,141.33806035762905,135.80332187322705,141.19007873535156,117726300,0.0,0.0,AAPL,40.23079964814174,149.30421295166016,159.2559671020508,165.4493044822961,149.30421295166016,133.15912142102422,0,0,0,0,0.0,0,0
2022-05-24 00:00:00-04:00,138.9209191087074,140.06536039628463,135.48761030005602,138.47695922851562,104132700,0.0,0.0,AAPL,38.09320588202369,148.50458831787108,159.05788024902344,165.12434548403564,148.50458831787108,131.88483115170652,0,0,0,0,0.0,0,0
2022-05-25 00:00:00-04:00,136.57285408248967,139.8877778515704,136.48406511064104,138.63482666015625,92482700,0.0,0.0,AAPL,38.29863857488248,147.72418594360352,158.7748794555664,164.65572665871002,147.72418594360352,130.792645228497,0,0,0,0,0.0,0,0
2022-05-26 00:00:00-04:00,135.5468018208196,142.40355895877516,135.30015577230265,141.85107421875,90601500,0.0,0.0,AAPL,42.48605373861584,146.7563507080078,158.46754089355468,162.67701285229882,146.7563507080078,130.8356885637168,0,0,0,0,0.0,0,0
2022-05-27 00:00:00-04:00,143.43946380251003,147.6719030298471,143.311203050322,147.6324462890625,90978500,0.0,0.0,AAPL,49.16462331196937,146.37263107299805,158.25553619384766,161.81315757967366,146.37263107299805,130.93210456632244,0,0,0,0,0.0,0,0
2022-05-31 00:00:00-04:00,147.0701259070272,148.6387912999033,144.87003212276906,146.84320068359375,103718400,0.0,0.0,AAPL,48.339388808079526,145.93418045043944,157.96154510498047,160.7871671812667,145.93418045043944,131.08119371961217,0,0,0,0,0.0,0,0
2022-06-01 00:00:00-04:00,147.88892703188483,149.704252928076,145.69870947413108,146.71490478515625,74286600,0.0,0.0,AAPL,48.19776481229201,145.41444549560546,157.6374041748047,159.3670296812028,145.41444549560546,131.46186131000812,0,0,0,0,0.0,0,0
2022-06-02 00:00:00-04:00,145.84676706343666,149.24061965462317,144.8897790343841,149.18142700195312,72348100,0.0,0.0,AAPL,51.160313514077735,144.69589538574218,157.29481689453124,156.0822946314196,144.69589538574218,133.30949614006474,0,0,0,0,0.0,0,0
2022-06-03 00:00:00-04:00,144.92920830294685,145.98486058899564,142.52195557770006,143.4296112060547,88570300,0.0,0.0,AAPL,44.7353267944489,144.14538116455077,156.8098065185547,154.62247098588074,144.14538116455077,133.6682913432208,0,0,0,0,0.0,0,0
2022-06-06 00:00:00-04:00,145.0574721682304,146.57682025024437,142.95604302742927,144.17941284179688,71598400,0.0,0.0,AAPL,45.692791155158645,143.59585418701172,156.26373901367188,152.77482411869033,143.59585418701172,134.41688425533312,0,0,0,0,0.0,0,0
2022-06-07 00:00:00-04:00,142.41339819157676,147.00100750482846,142.1667522058304,146.71490478515625,67808200,0.0,0.0,AAPL,48.915804502960505,143.43059997558595,155.75557495117187,152.25307394050165,143.43059997558595,134.60812601067025,0,0,0,0,0.0,0,0
2022-06-08 00:00:00-04:00,146.58668349543828,147.8593705005213,145.48171399929922,145.97500610351562,53950200,0.0,0.0,AAPL,48.02018578905744,143.10749282836915,155.21527465820313,151.01253357575587,143.10749282836915,135.20245208098245,0,0,0,0,0.0,0,0
2022-06-09 00:00:00-04:00,145.10683168714428,145.9651552761212,140.61786976990277,140.7263946533203,69473000,0.0,0.0,AAPL,42.12769979023051,142.91708374023438,154.5038003540039,150.85882529515106,142.91708374023438,134.9753421853177,0,0,0,0,0.0,0,0
2022-06-10 00:00:00-04:00,138.39801711378644,138.8715732692795,135.2212150897829,135.290283203125,91437900,0.0,0.0,AAPL,37.05591438741812,142.64922561645508,153.7070510864258,151.21588382883272,142.64922561645508,134.08256740407745,0,0,0,0,0.0,0,0
2022-06-13 00:00:00-04:00,131.08745715836656,133.3862004896801,129.67664877037856,130.11074829101562,122207100,0.0,0.0,AAPL,32.98162169855045,141.89794235229493,152.8689712524414,151.9644903552764,141.89794235229493,131.83139434931346,0,0,0,0,0.0,0,0
2022-06-14 00:00:00-04:00,131.3439740438812,132.0937727002188,129.71610089948248,130.9789276123047,84784300,0.0,0.0,AAPL,34.28585977923848,141.26751632690429,152.05416595458985,152.3589423593364,141.26751632690429,130.17609029447215,0,0,0,0,0.0,0,0
2022-06-15 00:00:00-04:00,132.48839269838643,135.49747768055312,130.38697847648072,133.61309814453125,91533000,0.0,0.0,AAPL,38.21472455975854,140.586279296875,151.2106719970703,151.80022014990243,140.586279296875,129.37233844384758,0,0,0,0,0.0,0,0
2022-06-16 00:00:00-04:00,130.30802859137827,130.61386725104276,127.30880452340456,128.31512451171875,108123900,0.0,0.0,AAPL,33.83340841438885,140.05549545288085,150.32781372070312,152.47296983507016,140.05549545288085,127.63802107069154,0,0,0,0,0.0,0,0
2022-06-17 00:00:00-04:00,128.32502770748565,131.29464104445037,128.06850615371286,129.79502868652344,134520300,0.0,0.0,AAPL,36.03935591722483,139.76987838745117,149.5381930541992,152.8383789983418,139.76987838745117,126.70137777656056,0,0,0,0,0.0,0,0
2022-06-21 00:00:00-04:00,131.63006706526505,135.2212330849965,131.53141767403508,134.0471954345703,81000500,0.0,0.0,AAPL,42.02059969534168,139.6850326538086,148.8275082397461,152.87841626112086,139.6850326538086,126.49164904649636,0,0,0,0,0.0,0,0
2022-06-22 00:00:00-04:00,132.9816798809872,135.9118362074978,132.1134960074851,133.5341796875,73409200,0.0,0.0,AAPL,41.51616953664588,139.302237701416,148.14695343017578,152.74072008628875,139.302237701416,125.86375531654328,0,0,0,0,0.0,0,0
2022-06-23 00:00:00-04:00,134.98444929360062,136.7306923828884,133.8104117580623,136.4149932861328,72433800,0.0,0.0,AAPL,45.47446220172185,139.1991394042969,147.60952514648437,152.69289021436398,139.1991394042969,125.7053885942298,0,0,0,0,0.0,0,0
2022-06-24 00:00:00-04:00,138.02312365652875,140.00616753455043,137.89487794721208,139.759521484375,89116800,0.0,0.0,AAPL,49.72847271218959,139.2553741455078,147.10135467529298,152.74862347175352,139.2553741455078,125.76212481926208,0,0,0,0,0.0,0,0
2022-06-27 00:00:00-04:00,140.78556242930944,141.56497237814864,139.07877597723802,139.759521484375,70207900,0.0,0.0,AAPL,49.7284727121896,139.15079650878906,146.53919921875,152.5942831318953,139.15079650878906,125.7073098856828,0,0,0,0,0.0,0,0
2022-06-28 00:00:00-04:00,140.22321252468137,141.4958994767852,135.47774508831563,135.59613037109375,67083400,0.0,0.0,AAPL,44.69425473272194,138.54898071289062,145.99445648193358,151.48799370646586,138.54898071289062,125.60996771931538,0,0,0,0,0.0,0,0
2022-06-29 00:00:00-04:00,135.61584816033883,138.78277448440065,134.83643834191426,137.36209106445312,66242400,0.0,0.0,AAPL,47.13871572182641,138.0749252319336,145.48936737060546,150.44594246071537,138.0749252319336,125.70390800315184,0,0,0,0,0.0,0,0
2022-06-30 00:00:00-04:00,135.40867636590826,136.5136458111151,131.97536769395867,134.8857879638672,98964500,0.0,0.0,AAPL,44.18929080173434,137.48346939086915,144.8888461303711,149.2625634644383,137.48346939086915,125.7043753173,0,0,0,0,0.0,0,0
2022-07-01 00:00:00-04:00,134.2149039410031,137.17465645272313,133.84001219295945,137.06613159179688,71051600,0.0,0.0,AAPL,47.31502608747209,136.87770462036133,144.3352801513672,147.36320151267944,136.87770462036133,126.3922077280432,0,0,0,0,0.0,0,0
2022-07-05 00:00:00-04:00,135.92169577740663,139.71017511136174,135.09295369166503,139.6608428955078,73353800,0.0,0.0,AAPL,50.84332928088444,136.68926620483398,143.84956756591797,146.8266862258854,136.68926620483398,126.5518461837826,0,0,0,0,0.0,0,0
2022-07-06 00:00:00-04:00,139.45367991786003,142.1865072585656,139.187297974016,141.0026092529297,74064300,0.0,0.0,AAPL,52.610716887755,136.53042602539062,143.48191467285156,146.28577789983683,136.53042602539062,126.77507415094442,0,0,0,0,0.0,0,0
2022-07-07 00:00:00-04:00,141.36765146861703,144.5839257789304,141.3577910455227,144.38661193847656,66253700,0.0,0.0,AAPL,56.82673724307977,136.41401138305665,143.16046508789063,145.72593334455505,136.41401138305665,127.10208942155823,0,0,0,0,0.0,0,0
2022-07-08 00:00:00-04:00,143.31123340352403,145.57051993448914,143.054726898899,145.06735229492188,64547800,0.0,0.0,AAPL,57.64309820404468,136.36862869262694,142.97242309570314,145.5008348905367,136.36862869262694,127.23642249471716,0,0,0,0,0.0,0,0
2022-07-11 00:00:00-04:00,143.71570768878132,144.67269549440107,141.85106429460987,142.9264373779297,63141600,0.0,0.0,AAPL,54.17366771622015,136.47863082885743,142.74609436035155,145.86754632949982,136.47863082885743,127.08971532821506,0,0,0,0,0.0,0,0
2022-07-12 00:00:00-04:00,143.80451853424552,146.45843264319691,143.1040521291363,143.90318298339844,77588800,0.0,0.0,AAPL,55.48991073788253,136.9092758178711,142.40000244140626,146.81645880674992,136.9092758178711,127.0020928289923,0,0,0,0,0.0,0,0
2022-07-13 00:00:00-04:00,141.0716863644841,144.4852594159091,140.2133478360652,143.53814697265625,71185600,0.0,0.0,AAPL,54.855774949848765,137.5806457519531,142.1646286010742,147.3731794216554,137.5806457519531,127.78811208225082,0,0,0,0,0.0,0,0
2022-07-14 00:00:00-04:00,142.14706042132838,146.95172089729192,141.32819368805968,146.47816467285156,78140700,0.0,0.0,AAPL,58.92698696244009,138.35560760498046,141.98194763183594,148.38596573857345,138.35560760498046,128.32524947138748,0,0,0,0,0.0,0,0
2022-07-15 00:00:00-04:00,147.77055205151046,148.83606459051612,146.2117475067102,148.1553192138672,76259900,0.0,0.0,AAPL,61.08308142150346,139.08271865844728,141.80286193847655,149.72235740601795,139.08271865844728,128.4430799108766,0,0,0,0,0.0,0,0
2022-07-18 00:00:00-04:00,148.71771677345194,149.53658351575038,144.73190793272408,145.09695434570312,81420900,0.0,0.0,AAPL,55.37457464542634,139.92181015014648,141.43375244140626,149.63940264992175,139.92181015014648,130.20421765037122,0,0,0,0,0.0,0,0
2022-07-19 00:00:00-04:00,145.93553153568237,149.20112279497567,144.93908692354225,148.97421264648438,82982400,0.0,0.0,AAPL,60.42412008345986,140.88076934814453,141.32443878173828,150.1884033464679,140.88076934814453,131.57313534982114,0,0,0,0,0.0,0,0
2022-07-20 00:00:00-04:00,149.09260697122585,151.65773204162863,148.35266878408055,150.98684692382812,64823400,0.0,0.0,AAPL,62.77856147086887,141.7277519226074,141.24077667236327,151.46682513455465,141.7277519226074,131.98867871066017,0,0,0,0,0.0,0,0
2022-07-21 00:00:00-04:00,152.42726650714104,153.48291887978365,149.90161323774686,153.265869140625,65086600,0.0,0.0,AAPL,65.29625046478478,142.71433639526367,141.30569427490235,152.9199650350815,142.71433639526367,132.50870775544584,0,0,0,0,0.0,0,0
2022-07-22 00:00:00-04:00,153.30531328387983,154.1833725913542,151.35188084612065,152.0227508544922,66675400,0.0,0.0,AAPL,62.80094517533584,143.49472427368164,141.29740631103516,154.03568277840915,143.49472427368164,132.95376576895413,0,0,0,0,0.0,0,0
2022-07-25 00:00:00-04:00,151.94383291278464,152.9600134725139,150.23704639800843,150.89805603027344,53623900,0.0,0.0,AAPL,60.54654137091706,144.05165100097656,141.42467590332032,154.9163945747692,144.05165100097656,133.1869074271839,0,0,0,0,0.0,0,0
2022-07-26 00:00:00-04:00,150.21728087747567,151.0361474391631,148.77687660584448,149.56614685058594,55138700,0.0,0.0,AAPL,57.89597607326682,144.5419822692871,141.60304992675782,155.47260035113217,144.5419822692871,133.61136418744204,0,0,0,0,0.0,0,0
2022-07-27 00:00:00-04:00,150.53301256452508,155.2192873128582,150.11864902484623,154.6865234375,78620700,0.0,0.0,AAPL,64.35616937988401,145.49650192260742,141.79405212402344,156.46968151845297,145.49650192260742,134.52332232676187,0,0,0,0,0.0,0,0
2022-07-28 00:00:00-04:00,154.87399776505708,155.52514701000848,152.33848396565298,155.23904418945312,81378700,0.0,0.0,AAPL,64.98056863175532,146.3903495788574,142.02708404541016,157.4792861317807,146.3903495788574,135.30141302593412,0,0,0,0,0.0,0,0
2022-07-29 00:00:00-04:00,159.07682201024468,161.43475735233827,157.3601602966314,160.32977294921875,101786900,0.0,0.0,AAPL,70.1662100003842,147.662548828125,142.2889227294922,159.01512859416917,147.662548828125,136.30996906208085,0,0,0,0,0.0,0,0
2022-08-01 00:00:00-04:00,158.8499238200317,161.39531297785308,158.73153852797333,159.3432159423828,67829400,0.0,0.0,AAPL,68.06277098329329,148.7764030456543,142.69717102050782,160.12317208667872,148.7764030456543,137.42963400462986,0,0,0,0,0.0,0,0
2022-08-02 00:00:00-04:00,157.952161577178,160.23116903319254,157.48846572506184,157.8633575439453,59907000,0.0,0.0,AAPL,64.91896211985619,149.68652877807617,143.14429077148438,160.88169350735532,149.68652877807617,138.491364048797,0,0,0,0,0.0,0,0
2022-08-03 00:00:00-04:00,158.6822060411045,164.3550654387107,158.59341707220835,163.9012451171875,82507500,0.0,0.0,AAPL,70.83757218767447,150.83146057128906,143.70743347167968,162.89038998179993,150.83146057128906,138.7725311607782,0,0,0,0,0.0,0,0
2022-08-04 00:00:00-04:00,163.78283934395313,164.94701654031078,162.22403448507984,163.5855255126953,55474100,0.0,0.0,AAPL,70.17091031653547,151.79140625,144.15534240722656,164.673867793872,151.79140625,138.90894470612798,0,0,0,0,0.0,0,0
2022-08-05 00:00:00-04:00,161.24406948222443,163.852268903255,161.03659239277184,163.35829162597656,56697000,0.23,0.0,AAPL,69.66275226907436,152.70595321655273,144.6529690551758,166.13458747157836,152.70595321655273,139.2773189615271,0,0,0,0,0.0,0,0
2022-08-08 00:00:00-04:00,164.3659801652492,165.78863701244916,162.22212077675636,162.88404846191406,60276900,0.0,0.0,AAPL,68.5470631046261,153.70383377075194,145.13795349121094,167.0431026454172,153.70383377075194,140.36456489608668,0,0,0,0,0.0,0,0
2022-08-09 00:00:00-04:00,162.04431856500878,163.82263986935718,161.28358929801152,162.9334716796875,63135500,0.0,0.0,AAPL,68.603496799896,154.6553482055664,145.55960144042967,167.77560991205797,154.6553482055664,141.53508649907485,0,0,0,0,0.0,0,0
2022-08-10 00:00:00-04:00,165.6602095336515,167.3002176831234,164.88960620076517,167.20143127441406,70170500,0.0,0.0,AAPL,73.09316162780306,155.8385124206543,145.95098114013672,169.0030163775398,155.8385124206543,142.6740084637688,0,0,0,0,0.0,0,0
2022-08-11 00:00:00-04:00,168.0115606543251,168.93036629204852,166.16409033464345,166.46047973632812,57149200,0.0,0.0,AAPL,71.18987132338499,156.83762817382814,146.3433267211914,170.0419172958133,156.83762817382814,143.63333905184294,0,0,0,0,0.0,0,0
2022-08-12 00:00:00-04:00,167.77447257106098,170.0961570458949,167.35951833556643,170.02700805664062,68039400,0.0,0.0,AAPL,74.61617539481925,157.9312126159668,146.8095687866211,171.68930092982924,157.9312126159668,144.17312430210433,0,0,0,0,0.0,0,0
2022-08-15 00:00:00-04:00,169.45395391342464,171.30142393740422,169.28600346351638,171.1038360595703,54091700,0.0,0.0,AAPL,75.5612058925943,159.23155670166017,147.24801696777342,172.80658449887113,159.23155670166017,145.6565289044492,0,0,0,0,0.0,0,0
2022-08-16 00:00:00-04:00,170.6987968691516,171.6176024984577,169.5922925263229,170.94578552246094,56377100,0.0,0.0,AAPL,75.11915347541827,160.33013534545898,147.79834045410155,173.96303267172783,160.33013534545898,146.69723801919014,0,0,0,0,0.0,0,0
2022-08-17 00:00:00-04:00,170.68892125785695,174.0281975704134,170.49133335193497,172.44747924804688,79542000,0.0,0.0,AAPL,76.52442791640281,161.4031669616699,148.36370178222657,175.30125672450424,161.4031669616699,147.50507719883558,0,0,0,0,0.0,0,0
2022-08-18 00:00:00-04:00,171.65710082647178,172.7932425141762,171.0346846440826,172.05227661132812,62290100,0.0,0.0,AAPL,75.31877474682443,162.34248733520508,148.87044921875,176.45153379836643,162.34248733520508,148.23344087204373,0,0,0,0,0.0,0,0
2022-08-19 00:00:00-04:00,170.9457855312559,171.64723993968656,169.2465023904009,169.4539794921875,70346300,0.0,0.0,AAPL,67.76003200158452,163.21404876708985,149.34002868652342,176.8097093510758,163.21404876708985,149.6183881831039,0,0,0,0,0.0,0,0
2022-08-22 00:00:00-04:00,167.6460183748566,167.81396884774634,165.1267311315286,165.5515594482422,69026800,0.0,0.0,AAPL,58.297148076913,163.94672393798828,149.8365319824219,176.33424955487294,163.94672393798828,151.55919832110362,0,0,0,0,0.0,0,0
2022-08-23 00:00:00-04:00,165.0674652978081,166.6778362068351,164.64263695785368,165.2156524658203,54147100,0.0,0.0,AAPL,57.55210594668766,164.72919921875,150.43503936767578,175.21555020931618,164.72919921875,154.24284822818385,0,0,0,0,0.0,0,0
2022-08-24 00:00:00-04:00,165.30457715272786,166.0850546832161,164.24745845479734,165.5120391845703,53841500,0.0,0.0,AAPL,58.06140374974878,165.2704750061035,151.14306518554687,174.69083272215818,165.2704750061035,155.85011729004884,0,0,0,0,0.0,0,0
2022-08-25 00:00:00-04:00,166.74699023963788,168.09060921191156,166.3221769618195,167.98193359375,51218200,0.0,0.0,AAPL,62.13821894905398,165.90761947631836,151.88312530517578,174.18190542033682,165.90761947631836,157.6333335322999,0,0,0,0,0.0,0,0
2022-08-26 00:00:00-04:00,168.51543646848708,168.98965049238348,161.58986453568383,161.64913940429688,78961000,0.0,0.0,AAPL,48.98882280030137,165.97358779907228,152.4438461303711,174.08844187870469,165.97358779907228,157.85873371943987,0,0,0,0,0.0,0,0
2022-08-29 00:00:00-04:00,159.20888628482342,160.93780692739824,157.89491986245918,159.43612670898438,73314000,0.0,0.0,AAPL,45.3752311541855,165.97823333740234,153.0662661743164,174.07799158804875,165.97823333740234,157.87847508675594,0,0,0,0,0.0,0,0
2022-08-30 00:00:00-04:00,160.17711093628972,160.6019242494096,155.820226802932,156.9958953857422,77906200,0.0,0.0,AAPL,41.72074825161757,165.9348602294922,153.61028350830077,174.21524645236096,165.9348602294922,157.65447400662342,0,0,0,0,0.0,0,0
2022-08-31 00:00:00-04:00,158.3789936340322,158.6457455871262,155.24717947730267,155.3262176513672,87991100,0.0,0.0,AAPL,39.38348531247049,165.50610885620117,154.03586395263673,174.9671355671123,165.50610885620117,156.04508214529002,0,0,0,0,0.0,0,0
